run_uuid,function_uuid,coeffs,comps,random_seed,min_loss,max_eval_acc,ds_fraction_positive
ad9dc64a-58a4-4d00-948c-b8a5b25a1b04,9a3e1d52-86e8-442f-a39b-fabaaa884cd4,"[-0.5880287885665894, -0.5075905323028564, 0.9190108776092529, -0.269084095954895]","[[1.0, 0.0, 1.0, 1.0, 0.0], [0.0, 0.0, 1.0, 1.0, 0.0], [1.0, 1.0, 0.0, 1.0, 1.0], [0.0, 1.0, 1.0, 0.0, 1.0]]",861963,0.7340685725212097,0.4533333480358124,0.5133333206176758
ee1a1bae-5da0-4abd-a1c8-e2a4d1c1c6d2,e6d92006-4f20-4096-b75e-c4d9807bc581,"[-0.07394623756408691, -0.36091458797454834, -0.029552340507507324, 0.43519794940948486]","[[1.0, 1.0, 1.0, 0.0, 1.0], [1.0, 1.0, 1.0, 1.0, 1.0], [1.0, 0.0, 1.0, 0.0, 1.0], [1.0, 1.0, 1.0, 1.0, 1.0]]",683826,0.7411320209503174,0.6800000071525574,0.3866666555404663
1da42fb6-bc26-47ff-8ae9-b103a82b0ff0,f68fb7eb-66c2-42e4-9f92-eb6ecb244de6,"[0.2147200107574463, 0.5148310661315918, 0.2797607183456421, -0.9184644222259521]","[[1.0, 1.0, 0.0, 1.0, 1.0], [0.0, 1.0, 0.0, 0.0, 0.0], [1.0, 1.0, 1.0, 1.0, 1.0], [1.0, 0.0, 1.0, 1.0, 0.0]]",784085,0.8337480425834656,0.54666668176651,0.5066666603088379
a2a73175-8085-4aa2-b79a-f3b51efa4e23,2b0e0786-7525-4dfc-be1e-a8231cf6ab47,"[-0.8338228464126587, 0.3323936462402344, -0.38932156562805176, 0.8570997714996338]","[[0.0, 0.0, 1.0, 1.0, 1.0], [1.0, 1.0, 1.0, 1.0, 0.0], [1.0, 1.0, 1.0, 1.0, 0.0], [1.0, 1.0, 0.0, 1.0, 1.0]]",737171,0.7070420384407043,0.5333333611488342,0.5266666412353516
30e00eaf-4635-4851-84a1-410cd2307ebb,b17a1149-460e-4009-8d6c-5fbb60d97d7f,"[-0.7516885995864868, 0.5358947515487671, -0.7978404760360718, 0.8001589775085449]","[[1.0, 1.0, 0.0, 1.0, 1.0], [1.0, 1.0, 1.0, 1.0, 1.0], [1.0, 1.0, 1.0, 0.0, 1.0], [1.0, 1.0, 1.0, 1.0, 1.0]]",324048,0.6845270991325378,0.6933333277702332,0.6866666674613953
