run_uuid,function_uuid,coeffs,comps,random_seed,min_loss,max_eval_acc,ds_fraction_positive
2e2b462e-f664-41a1-a888-b1c4dd749993,5df4ae84-c2aa-476c-af46-a0c7206cdf9a,"[-0.5880287885665894, -0.5075905323028564, 0.9190108776092529, -0.269084095954895]","[[1.0, 0.0, 1.0, 1.0, 0.0], [0.0, 0.0, 1.0, 1.0, 0.0], [1.0, 1.0, 0.0, 1.0, 1.0], [0.0, 1.0, 1.0, 0.0, 1.0]]",861963,0.989578366279602,0.4000000059604645,0.4000000059604645
72d893c2-5187-4158-8919-6a65124e8053,5df4ae84-c2aa-476c-af46-a0c7206cdf9a,"[-0.5880287885665894, -0.5075905323028564, 0.9190108776092529, -0.269084095954895]","[[1.0, 0.0, 1.0, 1.0, 0.0], [0.0, 0.0, 1.0, 1.0, 0.0], [1.0, 1.0, 0.0, 1.0, 1.0], [0.0, 1.0, 1.0, 0.0, 1.0]]",628594,0.9238249659538269,0.6000000238418579,0.5
573be9ff-e341-49a7-b6f0-412490b20090,53c7de07-0456-409e-baf6-4ef639de6a9c,"[0.2147200107574463, 0.5148310661315918, 0.2797607183456421, -0.9184644222259521]","[[1.0, 1.0, 0.0, 1.0, 1.0], [0.0, 1.0, 0.0, 0.0, 0.0], [1.0, 1.0, 1.0, 1.0, 1.0], [1.0, 0.0, 1.0, 1.0, 0.0]]",784085,1.0373640060424805,0.4000000059604645,0.5
246940d4-2d11-496c-8df1-0d8635e0ca2d,53c7de07-0456-409e-baf6-4ef639de6a9c,"[0.2147200107574463, 0.5148310661315918, 0.2797607183456421, -0.9184644222259521]","[[1.0, 1.0, 0.0, 1.0, 1.0], [0.0, 1.0, 0.0, 0.0, 0.0], [1.0, 1.0, 1.0, 1.0, 1.0], [1.0, 0.0, 1.0, 1.0, 0.0]]",539911,1.1720269918441772,0.6000000238418579,0.6000000238418579
